<?xml version="1.0" encoding="UTF-8"?>
<addon id="repository.webshare" name="WebShare" version="0.1.0" provider-name="levik">
  <summary>Repository for Webshare Plugin</summary>
  <description>This repository contains the Webshare Kodi plugin.</description>
  <platform>all</platform>
  <license>AGPL 3.0</license>
  
  <extensions point="xbmc.addon.repository">
    <dir added="2025-05-17">
      <name>My Repository</name>
      <description>Repository containing the Webshare plugin for Kodi</description>
      <checksum>repository.zip.md5</checksum>
      <files>
        <file name="repository.zip" />
      </files>
    </dir>
  </extensions>
</addon>
