<?xml version="1.0" encoding="UTF-8"?>
<addon id="plugin.video.webshare" name="webshare" version="0.2.1" provider-name="levik">
  <requires>
    <import addon="script.module.requests" version="2.18.4"/>
    <import addon="script.module.unidecode" version="0.4.16"/>
  </requires>

  <extension point="xbmc.python.pluginsource" library="main.py">
    <provides>video</provides>
  </extension>

  <extension point="xbmc.addon.metadata">
      <summary>Webshare Plugin</summary>
    <disclaimer lang="sk_SK">Plugin neposkytuje žiaden obsah.</disclaimer>
    <platform>all</platform>
    <license>AGPL 3.0</license>
    <forum>https://www.xbmc-kodi.cz/prispevek-yet-another-webshare-plugin</forum>
    <source>https://github.com/xxx/plugin.video.webshare</source>
    <assets>
      <icon>resources/icon.png</icon>
    </assets>
    <news>
[B]0.2.0[/B]
- test
    </news>
  </extension>
</addon>
